{
	"deploy": {
		"VM:-": {
			"linkReferences": {},
			"autoDeployLib": true
		},
		"main:1": {
			"linkReferences": {},
			"autoDeployLib": true
		},
		"ropsten:3": {
			"linkReferences": {},
			"autoDeployLib": true
		},
		"rinkeby:4": {
			"linkReferences": {},
			"autoDeployLib": true
		},
		"kovan:42": {
			"linkReferences": {},
			"autoDeployLib": true
		},
		"goerli:5": {
			"linkReferences": {},
			"autoDeployLib": true
		},
		"Custom": {
			"linkReferences": {},
			"autoDeployLib": true
		}
	},
	"data": {
		"bytecode": {
			"functionDebugData": {},
			"generatedSources": [],
			"linkReferences": {},
			"object": "6080604052348015600f57600080fd5b50603f80601d6000396000f3fe6080604052600080fdfea2646970667358221220c16d5885ef365fb60c2ca3d1ff026fcad7b06fdc6548807cffacf9a88ded8b3064736f6c63430008120033",
			"opcodes": "PUSH1 0x80 PUSH1 0x40 MSTORE CALLVALUE DUP1 ISZERO PUSH1 0xF JUMPI PUSH1 0x0 DUP1 REVERT JUMPDEST POP PUSH1 0x3F DUP1 PUSH1 0x1D PUSH1 0x0 CODECOPY PUSH1 0x0 RETURN INVALID PUSH1 0x80 PUSH1 0x40 MSTORE PUSH1 0x0 DUP1 REVERT INVALID LOG2 PUSH5 0x6970667358 0x22 SLT KECCAK256 0xC1 PUSH14 0x5885EF365FB60C2CA3D1FF026FCA 0xD7 0xB0 PUSH16 0xDC6548807CFFACF9A88DED8B3064736F PUSH13 0x63430008120033000000000000 ",
			"sourceMap": "10512:47421:0:-:0;;;;;;;;;;;;;;;;;;;"
		},
		"deployedBytecode": {
			"functionDebugData": {},
			"generatedSources": [],
			"immutableReferences": {},
			"linkReferences": {},
			"object": "6080604052600080fdfea2646970667358221220c16d5885ef365fb60c2ca3d1ff026fcad7b06fdc6548807cffacf9a88ded8b3064736f6c63430008120033",
			"opcodes": "PUSH1 0x80 PUSH1 0x40 MSTORE PUSH1 0x0 DUP1 REVERT INVALID LOG2 PUSH5 0x6970667358 0x22 SLT KECCAK256 0xC1 PUSH14 0x5885EF365FB60C2CA3D1FF026FCA 0xD7 0xB0 PUSH16 0xDC6548807CFFACF9A88DED8B3064736F PUSH13 0x63430008120033000000000000 ",
			"sourceMap": "10512:47421:0:-:0;;;;;"
		},
		"gasEstimates": {
			"creation": {
				"codeDepositCost": "12600",
				"executionCost": "66",
				"totalCost": "12666"
			},
			"internal": {
				"ba2cbor(bytes memory[] memory)": "infinite",
				"copyBytes(bytes memory,uint256,uint256,bytes memory,uint256)": "infinite",
				"ecrecovery(bytes32,bytes memory)": "infinite",
				"getCodeSize(address)": "infinite",
				"indexOf(string memory,string memory)": "infinite",
				"matchBytes32Prefix(bytes32,bytes memory,uint256)": "infinite",
				"parseAddr(string memory)": "infinite",
				"parseInt(string memory)": "infinite",
				"parseInt(string memory,uint256)": "infinite",
				"provable_cbAddress()": "infinite",
				"provable_getNetworkName()": "infinite",
				"provable_getPrice(string memory)": "infinite",
				"provable_getPrice(string memory,uint256)": "infinite",
				"provable_newRandomDSQuery(uint256,uint256,uint256)": "infinite",
				"provable_query(string memory,bytes memory[1] memory)": "infinite",
				"provable_query(string memory,bytes memory[1] memory,uint256)": "infinite",
				"provable_query(string memory,bytes memory[2] memory)": "infinite",
				"provable_query(string memory,bytes memory[2] memory,uint256)": "infinite",
				"provable_query(string memory,bytes memory[3] memory)": "infinite",
				"provable_query(string memory,bytes memory[3] memory,uint256)": "infinite",
				"provable_query(string memory,bytes memory[4] memory)": "infinite",
				"provable_query(string memory,bytes memory[4] memory,uint256)": "infinite",
				"provable_query(string memory,bytes memory[5] memory)": "infinite",
				"provable_query(string memory,bytes memory[5] memory,uint256)": "infinite",
				"provable_query(string memory,bytes memory[] memory)": "infinite",
				"provable_query(string memory,bytes memory[] memory,uint256)": "infinite",
				"provable_query(string memory,string memory)": "infinite",
				"provable_query(string memory,string memory,string memory)": "infinite",
				"provable_query(string memory,string memory,string memory,uint256)": "infinite",
				"provable_query(string memory,string memory,uint256)": "infinite",
				"provable_query(string memory,string memory[1] memory)": "infinite",
				"provable_query(string memory,string memory[1] memory,uint256)": "infinite",
				"provable_query(string memory,string memory[2] memory)": "infinite",
				"provable_query(string memory,string memory[2] memory,uint256)": "infinite",
				"provable_query(string memory,string memory[3] memory)": "infinite",
				"provable_query(string memory,string memory[3] memory,uint256)": "infinite",
				"provable_query(string memory,string memory[4] memory)": "infinite",
				"provable_query(string memory,string memory[4] memory,uint256)": "infinite",
				"provable_query(string memory,string memory[5] memory)": "infinite",
				"provable_query(string memory,string memory[5] memory,uint256)": "infinite",
				"provable_query(string memory,string memory[] memory)": "infinite",
				"provable_query(string memory,string memory[] memory,uint256)": "infinite",
				"provable_query(uint256,string memory,bytes memory[1] memory)": "infinite",
				"provable_query(uint256,string memory,bytes memory[1] memory,uint256)": "infinite",
				"provable_query(uint256,string memory,bytes memory[2] memory)": "infinite",
				"provable_query(uint256,string memory,bytes memory[2] memory,uint256)": "infinite",
				"provable_query(uint256,string memory,bytes memory[3] memory)": "infinite",
				"provable_query(uint256,string memory,bytes memory[3] memory,uint256)": "infinite",
				"provable_query(uint256,string memory,bytes memory[4] memory)": "infinite",
				"provable_query(uint256,string memory,bytes memory[4] memory,uint256)": "infinite",
				"provable_query(uint256,string memory,bytes memory[5] memory)": "infinite",
				"provable_query(uint256,string memory,bytes memory[5] memory,uint256)": "infinite",
				"provable_query(uint256,string memory,bytes memory[] memory)": "infinite",
				"provable_query(uint256,string memory,bytes memory[] memory,uint256)": "infinite",
				"provable_query(uint256,string memory,string memory)": "infinite",
				"provable_query(uint256,string memory,string memory,string memory)": "infinite",
				"provable_query(uint256,string memory,string memory,string memory,uint256)": "infinite",
				"provable_query(uint256,string memory,string memory,uint256)": "infinite",
				"provable_query(uint256,string memory,string memory[1] memory)": "infinite",
				"provable_query(uint256,string memory,string memory[1] memory,uint256)": "infinite",
				"provable_query(uint256,string memory,string memory[2] memory)": "infinite",
				"provable_query(uint256,string memory,string memory[2] memory,uint256)": "infinite",
				"provable_query(uint256,string memory,string memory[3] memory)": "infinite",
				"provable_query(uint256,string memory,string memory[3] memory,uint256)": "infinite",
				"provable_query(uint256,string memory,string memory[4] memory)": "infinite",
				"provable_query(uint256,string memory,string memory[4] memory,uint256)": "infinite",
				"provable_query(uint256,string memory,string memory[5] memory)": "infinite",
				"provable_query(uint256,string memory,string memory[5] memory,uint256)": "infinite",
				"provable_query(uint256,string memory,string memory[] memory)": "infinite",
				"provable_query(uint256,string memory,string memory[] memory,uint256)": "infinite",
				"provable_randomDS_getSessionPubKeyHash()": "infinite",
				"provable_randomDS_proofVerify__main(bytes memory,bytes32,bytes memory,string memory)": "infinite",
				"provable_randomDS_proofVerify__returnCode(bytes32,string memory,bytes memory)": "infinite",
				"provable_randomDS_proofVerify__sessionKeyValidity(bytes memory,uint256)": "infinite",
				"provable_randomDS_setCommitment(bytes32,bytes32)": "infinite",
				"provable_setCustomGasPrice(uint256)": "infinite",
				"provable_setNetwork()": "infinite",
				"provable_setNetwork(uint8)": "infinite",
				"provable_setNetworkName(string memory)": "infinite",
				"provable_setProof(bytes1)": "infinite",
				"safeMemoryCleaner()": "infinite",
				"safeParseInt(string memory)": "infinite",
				"safeParseInt(string memory,uint256)": "infinite",
				"safer_ecrecover(bytes32,uint8,bytes32,bytes32)": "infinite",
				"strCompare(string memory,string memory)": "infinite",
				"strConcat(string memory,string memory)": "infinite",
				"strConcat(string memory,string memory,string memory)": "infinite",
				"strConcat(string memory,string memory,string memory,string memory)": "infinite",
				"strConcat(string memory,string memory,string memory,string memory,string memory)": "infinite",
				"stra2cbor(string memory[] memory)": "infinite",
				"uint2str(uint256)": "infinite",
				"verifySig(bytes32,bytes memory,bytes memory)": "infinite"
			}
		},
		"methodIdentifiers": {}
	},
	"abi": []
}